{
  "overall": {
    "entropy_clean": {
      "mean": 0.022879760261603307,
      "std": 0.12200373223112011,
      "median": 0.0006684415275231004
    },
    "entropy_adv": {
      "mean": 2.4254855162726316e-10,
      "std": 1.0415075505684437e-08,
      "median": 1.9290645461136773e-19
    },
    "conf_clean": {
      "mean": 0.9926214684528532,
      "std": 0.04873482931070615,
      "median": 0.999944806098938
    },
    "conf_adv": {
      "mean": 1.0,
      "std": 0.0,
      "median": 1.0
    },
    "margin_clean": {
      "mean": 0.9875036341691157,
      "std": 0.08236136700451671,
      "median": 0.999918669462204
    },
    "margin_adv": {
      "mean": 1.0,
      "std": 0.0,
      "median": 1.0
    },
    "kl_clean_adv": {
      "mean": 27.342708670825232,
      "std": 2.1279244780910958,
      "median": 27.629745483398438
    },
    "kl_adv_clean": {
      "mean": 10.694446431241431,
      "std": 2.9238001020501847,
      "median": 10.778523921966553
    },
    "js_div": {
      "mean": 0.682912476731758,
      "std": 0.06254011418425491,
      "median": 0.6930244565010071
    },
    "l1_dist": {
      "mean": 1.9808784758406546,
      "std": 0.14856595635663633,
      "median": 1.999958336353302
    },
    "l2_dist": {
      "mean": 1.399228189013229,
      "std": 0.10999864731941388,
      "median": 1.414157748222351
    }
  },
  "pred_changed": {
    "entropy_clean": {
      "mean": 0.0192309882579374,
      "std": 0.10952498651643389,
      "median": 0.0006571078847628087
    },
    "entropy_adv": {
      "mean": 2.442180096015402e-10,
      "std": 1.045083795944532e-08,
      "median": 1.9644743386794825e-19
    },
    "conf_clean": {
      "mean": 0.9938896377383197,
      "std": 0.0443109271715737,
      "median": 0.9999462366104126
    },
    "conf_adv": {
      "mean": 1.0,
      "std": 0.0,
      "median": 1.0
    },
    "margin_clean": {
      "mean": 0.9896196777490036,
      "std": 0.07506800504897848,
      "median": 0.9999199211597443
    },
    "margin_adv": {
      "mean": 1.0,
      "std": 0.0,
      "median": 1.0
    },
    "kl_clean_adv": {
      "mean": 27.49827039956812,
      "std": 0.9462859233191325,
      "median": 27.629754066467285
    },
    "kl_adv_clean": {
      "mean": 10.766433128916761,
      "std": 2.8016161265983723,
      "median": 10.814407348632812
    },
    "js_div": {
      "mean": 0.6870862476183367,
      "std": 0.03683010848355547,
      "median": 0.6930283904075623
    },
    "l1_dist": {
      "mean": 1.9918749296676914,
      "std": 0.06134956360764824,
      "median": 1.9999598264694214
    },
    "l2_dist": {
      "mean": 1.4072274186207951,
      "std": 0.050284394108773445,
      "median": 1.414158821105957
    }
  },
  "pred_unchanged": {
    "entropy_clean": {
      "mean": 0.5529942070799214,
      "std": 0.3894702305548043,
      "median": 0.3631262630224228
    },
    "entropy_adv": {
      "mean": 1.5736443400175194e-16,
      "std": 5.210321410910707e-16,
      "median": 1.135059740705322e-19
    },
    "conf_clean": {
      "mean": 0.8083745879786355,
      "std": 0.1673254110662553,
      "median": 0.9196951985359192
    },
    "conf_adv": {
      "mean": 1.0,
      "std": 0.0,
      "median": 1.0
    },
    "margin_clean": {
      "mean": 0.6800727312053952,
      "std": 0.2800618031083715,
      "median": 0.8731675744056702
    },
    "margin_adv": {
      "mean": 1.0,
      "std": 0.0,
      "median": 1.0
    },
    "kl_clean_adv": {
      "mean": 4.741811794894082,
      "std": 4.2399738659484445,
      "median": 1.8557791113853455
    },
    "kl_adv_clean": {
      "mean": 0.2358076404114919,
      "std": 0.21867378842569055,
      "median": 0.08372293785214424
    },
    "js_div": {
      "mean": 0.07652319221025598,
      "std": 0.06963921824747289,
      "median": 0.02867403533309698
    },
    "l1_dist": {
      "mean": 0.3832508269697428,
      "std": 0.3346508202853757,
      "median": 0.1606096625328064
    },
    "l2_dist": {
      "mean": 0.2370544017425605,
      "std": 0.20666718816508753,
      "median": 0.09632163494825363
    }
  },
  "accuracy_clean": 0.99169921875,
  "accuracy_adv": 0.0
}