{
  "overall": {
    "entropy_clean": {
      "mean": 0.06025173654237473,
      "std": 0.15980232871805228,
      "median": 0.01385471224784851
    },
    "entropy_adv": {
      "mean": 1.0657590461294913e-08,
      "std": 2.3608073480138557e-07,
      "median": 1.6032195780365036e-14
    },
    "conf_clean": {
      "mean": 0.9847288672463037,
      "std": 0.06105487753128763,
      "median": 0.9984495639801025
    },
    "conf_adv": {
      "mean": 0.999999999476131,
      "std": 1.3677561797724943e-08,
      "median": 1.0
    },
    "margin_clean": {
      "mean": 0.9751718267216347,
      "std": 0.10234094094997646,
      "median": 0.9977404177188873
    },
    "margin_adv": {
      "mean": 0.9999999990977813,
      "std": 2.3945343428023993e-08,
      "median": 1.0
    },
    "kl_clean_adv": {
      "mean": 27.209620328663732,
      "std": 2.1194866711581795,
      "median": 27.600829124450684
    },
    "kl_adv_clean": {
      "mean": 7.398517752407088,
      "std": 2.1810674299313106,
      "median": 7.57546591758728
    },
    "js_div": {
      "mean": 0.6755119527981037,
      "std": 0.06513000935135327,
      "median": 0.6909480392932892
    },
    "l1_dist": {
      "mean": 1.9747089288171082,
      "std": 0.14571318413608997,
      "median": 1.9989742636680603
    },
    "l2_dist": {
      "mean": 1.3921962728948074,
      "std": 0.10998706729679913,
      "median": 1.4126829504966736
    }
  },
  "pred_changed": {
    "entropy_clean": {
      "mean": 0.0563301900960662,
      "std": 0.14902818659342693,
      "median": 0.013619418255984783
    },
    "entropy_adv": {
      "mean": 1.0729362599881623e-08,
      "std": 2.3689021168519057e-07,
      "median": 1.630767969393234e-14
    },
    "conf_clean": {
      "mean": 0.9862921851281454,
      "std": 0.056014636434278474,
      "median": 0.9984619617462158
    },
    "conf_adv": {
      "mean": 0.9999999994725253,
      "std": 1.3724483041908558e-08,
      "median": 1.0
    },
    "margin_clean": {
      "mean": 0.9779044231628833,
      "std": 0.09289482221148043,
      "median": 0.9977729320526123
    },
    "margin_adv": {
      "mean": 0.9999999990915713,
      "std": 2.402749248843175e-08,
      "median": 1.0
    },
    "kl_clean_adv": {
      "mean": 27.355237449751023,
      "std": 1.118520567912097,
      "median": 27.601070404052734
    },
    "kl_adv_clean": {
      "mean": 7.44729369046531,
      "std": 2.10743555346223,
      "median": 7.583553075790405
    },
    "js_div": {
      "mean": 0.6794755838320553,
      "std": 0.0438787559929672,
      "median": 0.6909636557102203
    },
    "l1_dist": {
      "mean": 1.9849639711947333,
      "std": 0.07043726331174531,
      "median": 1.9989826083183289
    },
    "l2_dist": {
      "mean": 1.3996572093626038,
      "std": 0.060085180441745115,
      "median": 1.4126952290534973
    }
  },
  "pred_unchanged": {
    "entropy_clean": {
      "mean": 0.6299964130989143,
      "std": 0.4267491640622065,
      "median": 0.6582490503787994
    },
    "entropy_adv": {
      "mean": 2.3012404091131513e-10,
      "std": 8.262221709495019e-10,
      "median": 7.666694258341277e-16
    },
    "conf_clean": {
      "mean": 0.7576011121273041,
      "std": 0.19368192908810833,
      "median": 0.7640582919120789
    },
    "conf_adv": {
      "mean": 1.0,
      "std": 0.0,
      "median": 1.0
    },
    "margin_clean": {
      "mean": 0.5781646009002414,
      "std": 0.34599554835945184,
      "median": 0.5802944600582123
    },
    "margin_adv": {
      "mean": 1.0,
      "std": 0.0,
      "median": 1.0
    },
    "kl_clean_adv": {
      "mean": 6.05353287926742,
      "std": 4.972140742192281,
      "median": 5.8610615730285645
    },
    "kl_adv_clean": {
      "mean": 0.31207075166249915,
      "std": 0.2657475601508802,
      "median": 0.27633561939001083
    },
    "js_div": {
      "mean": 0.09965298686542415,
      "std": 0.08313136659959697,
      "median": 0.09124349802732468
    },
    "l1_dist": {
      "mean": 0.4847977719535785,
      "std": 0.38736389279972605,
      "median": 0.4718834161758423
    },
    "l2_dist": {
      "mean": 0.30822878893065664,
      "std": 0.2491051011602709,
      "median": 0.30904505401849747
    }
  },
  "accuracy_clean": 0.9912109375,
  "accuracy_adv": 0.0
}